data_hora,usuario,perfil,acao
2026-04-29 14:22:01,Fabio,admin,login
2026-04-29 14:30:10,Fabio,admin,logout
2026-04-29 18:24:04,Fabio,admin,login
2026-04-29 18:24:12,Fabio,admin,logout
2026-04-29 18:24:15,Fabio,admin,logout
2026-04-29 18:24:17,Fabio,admin,logout
2026-04-29 18:24:20,Fabio,admin,logout
2026-04-29 18:24:22,Fabio,admin,logout
2026-04-29 18:32:40,Fabio,admin,login
2026-04-29 18:32:50,Fabio,admin,logout
2026-04-29 18:32:52,Fabio,admin,logout
2026-04-29 18:32:54,Fabio,admin,logout
2026-04-29 18:42:11,Fabio,admin,login
2026-04-29 18:42:15,Fabio,admin,logout
2026-04-29 18:42:18,Fabio,admin,logout
2026-04-29 18:42:22,Fabio,admin,logout
2026-04-29 18:42:45,Fabio,admin,logout
2026-04-29 18:43:08,Fabio,admin,login
2026-04-29 18:43:50,Fabio,admin,logout
2026-04-29 19:10:09,Fabio,admin,login
2026-04-29 19:10:32,Fabio,admin,logout
2026-04-29 19:24:52,Ana,admin,login
2026-04-29 19:36:33,Ana,admin,login
2026-04-29 19:44:03,Ana,admin,logout
2026-04-29 19:48:52,Ana,admin,login
2026-04-29 19:49:39,Ana,admin,logout
2026-04-29 19:58:15,Karina,user,login
2026-04-29 20:01:16,Karina,user,logout
2026-04-29 20:03:14,Karina,user,login
2026-04-29 20:14:30,Karina,user,logout
2026-04-29 20:28:18,Fabio,admin,login
2026-04-29 20:33:32,Fabio,admin,login
2026-04-29 20:37:00,Fabio,admin,logout
2026-04-29 20:37:25,Fabio,admin,login
2026-04-29 20:41:32,Fabio,admin,login
2026-04-29 20:43:40,Fabio,admin,logout
2026-04-29 20:44:01,Fabio,admin,login
2026-04-29 20:45:30,Karina,user,login
2026-04-29 20:48:23,Karina,user,logout
2026-04-29 20:56:39,Fabio,admin,login
2026-04-29 21:01:13,Fabio,admin,logout
2026-04-29 21:10:32,Fabio,admin,login
2026-04-29 21:14:38,Fabio,admin,logout
2026-04-29 21:45:51,Ana,admin,login
2026-04-29 21:47:49,Ana,admin,logout
2026-04-29 21:48:55,Karina,user,login
2026-04-30 13:04:41,Fabio,admin,login
2026-04-30 13:40:29,Fabio,admin,login
2026-04-30 13:42:07,Fabio,admin,logout
2026-04-30 13:43:27,Fabio,admin,login
2026-04-30 13:47:39,Karina,user,login
2026-04-30 13:55:06,Karina,user,logout
2026-04-30 13:59:19,Fabio,admin,login
2026-04-30 14:17:38,Fabio,admin,login
2026-04-30 15:07:19,Fabio,admin,login
2026-04-30 15:31:00,Fabio,admin,login
2026-04-30 15:49:18,Fabio,admin,login
2026-04-30 15:54:06,Fabio,admin,login
2026-04-30 15:57:09,Fabio,admin,login
2026-04-30 16:03:45,Fabio,admin,login
2026-04-30 16:06:01,Fabio,admin,login
2026-04-30 16:59:56,Fabio,admin,login
2026-04-30 17:31:53,Fabio,admin,login
2026-04-30 18:07:30,Fabio,admin,login
2026-04-30 18:48:26,Fabio,admin,login
2026-04-30 19:30:57,Fabio,admin,login
2026-04-30 20:42:22,Karina,user,login
2026-04-30 20:46:48,Fabio,admin,login
2026-04-30 20:46:50,Karina,user,logout
2026-04-30 20:48:49,Fabio,admin,login
2026-04-30 20:49:30,Karina,user,logout
2026-04-30 20:53:05,Fabio,admin,login
2026-04-30 20:54:10,Karina,user,login
2026-04-30 21:00:10,Karina,user,login
2026-04-30 21:01:32,Karina,user,logout
2026-05-08 14:47:21,Fabio,admin,login
2026-05-08 15:02:51,Fabio,admin,login
2026-05-08 15:10:26,Fabio,admin,login
2026-05-08 15:29:23,Fabio,admin,login
2026-05-08 15:38:41,Fabio,admin,login
2026-05-08 16:17:18,Fabio,admin,login
2026-05-08 17:43:11,Fabio,admin,login
2026-05-08 17:43:29,Fabio,admin,logout
2026-05-08 17:43:58,Ana,admin,login
2026-05-08 17:44:15,Ana,admin,logout
2026-05-08 17:44:30,Karina,user,login
2026-05-08 17:44:47,Karina,user,logout
2026-05-08 18:07:27,Fabio,admin,login
2026-05-08 18:12:33,Peba,funcionario,login
2026-05-08 18:13:48,Peba,funcionario,login
2026-05-08 18:17:04,Fabio,admin,login
2026-05-08 18:29:41,Fabio,admin,login
2026-05-08 19:25:53,Fabio,admin,login
2026-05-08 19:27:40,Fabio,admin,login
2026-05-08 19:33:22,Fabio,admin,login
2026-05-08 19:37:43,Fabio,admin,login
2026-05-08 19:39:07,Peba,funcionario,login
2026-05-08 19:45:21,Peba,funcionario,login
2026-05-08 19:46:53,Fabio,admin,login
2026-05-08 19:49:33,Fabio,admin,login
2026-05-08 19:50:22,Peba,funcionario,login
2026-05-08 19:59:17,Fabio,admin,login
2026-05-08 20:04:18,Fabio,admin,login
2026-05-08 20:07:57,Peba,funcionario,login
2026-05-08 20:08:19,Peba,funcionario,login
2026-05-08 20:09:54,Peba,funcionario,logout
2026-05-08 20:09:57,Peba,funcionario,logout
2026-05-08 20:10:35,Fabio,admin,login
2026-05-09 01:00:05,Peba,funcionario,login
2026-05-09 01:01:44,Peba,funcionario,logout
2026-05-09 01:02:22,Ana,admin,login
2026-05-11 13:26:31,Fabio,admin,login
2026-05-11 14:18:57,Fabio,admin,login
2026-05-11 14:25:51,Fabio,admin,login
2026-05-11 14:28:27,Fabio,admin,login
2026-05-11 14:37:55,Fabio,admin,login
2026-05-11 14:56:15,Fabio,admin,login
2026-05-11 15:32:50,Fabio,admin,login
2026-05-11 15:44:19,Fabio,admin,login
2026-05-11 15:53:44,Peba,funcionario,login
2026-05-11 15:54:34,Fabio,admin,login
2026-05-11 15:56:40,Peba,funcionario,login
2026-05-11 16:53:22,Fabio,admin,login
2026-05-11 16:57:21,Fabio,admin,login
2026-05-11 17:11:08,Fabio,admin,login
2026-05-11 17:46:25,Fabio,admin,login
2026-05-11 18:02:41,Fabio,admin,login
2026-05-11 18:15:54,Fabio,admin,login
2026-05-11 18:32:09,Fabio,admin,login
2026-05-11 18:41:28,Fabio,admin,login
2026-05-11 19:09:51,Fabio,admin,login
2026-05-11 19:21:43,Fabio,admin,login
2026-05-11 20:37:36,Fabio,admin,login
2026-05-11 20:39:39,Fabio,admin,logout
2026-05-11 20:39:50,Fabio,admin,login
2026-05-11 20:53:29,Fabio,admin,logout
2026-05-11 22:05:15,Fabio,admin,login
2026-05-12 13:43:16,Fabio,admin,login
2026-05-12 13:57:19,Fabio,admin,login
2026-05-12 14:38:56,Fabio,admin,login
2026-05-13 19:57:27,Fabio,admin,login
2026-05-13 20:14:02,Fabio,admin,login
2026-05-13 20:23:56,Fabio,admin,login
2026-05-13 22:07:27,Fabio,admin,login
2026-05-14 13:21:15,Fabio,admin,login
2026-05-14 14:08:36,Karina,user,login
2026-05-14 15:15:56,Fabio,admin,sessao_expirada
2026-05-14 15:19:51,Fabio,admin,login
2026-05-14 15:24:09,Fabio,admin,login
2026-05-14 15:50:26,Fabio,admin,login
2026-05-14 15:53:32,Fabio,admin,login
2026-05-14 15:55:43,Fabio,admin,login
2026-05-14 16:02:34,Fabio,admin,login
2026-05-14 16:04:11,Fabio,admin,login
2026-05-14 17:40:02,Fabio,admin,login
2026-05-14 18:04:57,Fabio,admin,login
2026-05-14 18:40:14,Fabio,admin,login
2026-05-20 21:20:09,Fabio,admin,login
2026-05-22 19:05:15,Fabio,admin,login
2026-05-22 19:18:54,Fabio,admin,login
2026-05-22 19:34:06,Fabio,admin,login
2026-05-22 19:56:42,Fabio,admin,login
2026-05-22 20:02:58,Fabio,admin,login
2026-05-22 20:03:50,Fabio,admin,login
2026-05-22 20:11:22,Fabio,admin,login
2026-05-22 20:12:14,Fabio,admin,login
2026-05-22 20:20:05,Fabio,admin,login
2026-05-22 20:32:19,Fabio,admin,login
2026-05-28 19:50:22,Fabio,admin,login
2026-05-28 21:39:27,Fabio,admin,login
2026-05-29 15:56:23,Fabio,admin,login
2026-05-29 15:58:10,Fabio,admin,login
2026-05-29 17:27:00,Fabio,admin,login
2026-05-29 17:33:43,Fabio,admin,login
2026-05-29 17:41:57,Fabio,admin,login
2026-05-29 18:10:25,Fabio,admin,login
2026-05-29 18:24:30,Fabio,admin,login
2026-05-29 19:17:29,Fabio,admin,login
2026-05-29 19:45:02,Fabio,admin,login
2026-05-29 20:02:26,Fabio,admin,login
2026-05-29 20:55:03,Fabio,admin,login
2026-05-29 21:10:18,Fabio,admin,login
2026-05-29 21:29:17,Fabio,admin,login
2026-05-29 21:38:13,Fabio,admin,login
2026-05-29 21:51:46,Fabio,admin,login
2026-05-30 00:08:45,Ana,admin,login
2026-06-01 15:47:20,Fabio,admin,login
2026-06-01 15:49:10,Fabio,admin,logout
2026-06-01 15:49:25,Gedeon,funcionario,login
2026-06-01 18:07:42,Fabio,superadmin,login
2026-06-01 18:09:33,Gedeon,usuario,login
2026-06-01 18:10:22,Fabio,superadmin,login
2026-06-01 18:21:13,Gedeon,usuario,login
2026-06-01 18:22:44,Gedeon,usuario,login
2026-06-01 18:25:10,Fabio,superadmin,login
2026-06-01 18:57:54,Gedeon,usuario,login
2026-06-01 19:00:31,Fabio,superadmin,login
2026-06-01 19:11:56,Fabio,superadmin,login
2026-06-01 19:12:45,Fabio,superadmin,login
2026-06-01 20:16:17,Fabio,superadmin,login
2026-06-01 20:18:14,Fabio,superadmin,login
2026-06-01 20:49:14,Fabio,superadmin,login
2026-06-01 20:54:42,Fabio,superadmin,login
2026-06-01 21:06:37,Fabio,superadmin,login
2026-06-01 21:15:31,Gedeon,usuario,login
2026-06-01 21:16:06,Fabio,superadmin,login
2026-06-01 21:18:07,Fabio,superadmin,logout
2026-06-01 21:18:41,Ana,admin,login
2026-06-01 21:27:35,Fabio,superadmin,login
2026-07-08 12:59:31,Fabio,superadmin,login
2026-07-13 14:13:07,Fabio,superadmin,login
2026-07-13 14:14:37,Fabio,superadmin,login
2026-07-13 14:15:40,Fabio,superadmin,login
2026-07-13 21:02:04,Fabio,superadmin,login
2026-07-16 14:49:42,Fabio,superadmin,login
2026-07-16 15:54:32,Fabio,superadmin,login
2026-07-16 15:57:11,Fabio,superadmin,login
2026-07-16 18:20:43,Fabio,superadmin,login
2026-07-16 18:39:14,Fabio,superadmin,login
2026-07-16 19:00:47,Fabio,superadmin,login
2026-07-16 19:27:23,Fabio,superadmin,login
2026-07-16 19:54:34,Fabio,superadmin,login
2026-07-16 20:29:48,Fabio,superadmin,login
2026-07-16 20:33:50,Fabio,superadmin,login
2026-07-16 20:46:16,Fabio,superadmin,login
2026-07-16 21:05:32,Fabio,superadmin,login
2026-07-16 21:25:11,Fabio,superadmin,login
2026-07-16 21:29:05,Fabio,superadmin,login
2026-07-16 21:38:05,Fabio,superadmin,login
2026-07-16 22:13:19,Fabio,superadmin,login
2026-07-16 22:34:09,Fabio,superadmin,login
2026-07-20 14:03:22,Fabio,superadmin,login
2026-07-20 14:20:41,Fabio,superadmin,login
2026-07-20 15:05:15,Fabio,superadmin,login
2026-07-20 19:02:33,Fabio,superadmin,login
2026-07-20 20:04:26,Fabio,superadmin,login
2026-07-20 20:27:33,Fabio,superadmin,login
2026-07-23 18:32:41,Fabio,superadmin,login
2026-07-23 18:34:50,Fabio,superadmin,login
2026-07-24 19:12:49,Fabio,superadmin,login
2026-07-24 19:17:32,Fabio,superadmin,login
2026-07-27 14:34:42,Fabio,superadmin,login
2026-07-29 14:39:14,Fabio,superadmin,login
2026-07-29 15:22:53,Fabio,superadmin,login
2026-07-29 16:29:26,Fabio,superadmin,login
2026-07-29 18:04:38,Fabio,superadmin,login
2026-07-29 18:08:12,Fabio,superadmin,login
2026-07-29 20:25:51,Fabio,superadmin,login
2026-07-30 11:50:26,Fabio,superadmin,login
2026-07-30 20:02:44,Fabio,superadmin,login
2026-07-31 15:14:44,Fabio,superadmin,login
2026-07-31 15:41:38,Fabio,superadmin,login
2026-07-31 17:24:56,Fabio,superadmin,sessao_expirada
2026-07-31 17:25:20,Fabio,superadmin,login
2026-08-04 20:40:03,Fabio,superadmin,login
2026-08-05 12:20:42,Fabio,superadmin,login
2026-08-05 15:50:07,Fabio,superadmin,sessao_expirada
2026-08-05 16:04:14,Fabio,superadmin,login
2026-08-05 16:05:46,Fabio,superadmin,login
2026-08-05 16:48:00,Fabio,superadmin,login
2026-08-05 16:48:47,Fabio,superadmin,login
2026-08-05 17:52:42,Fabio,superadmin,login
2026-08-05 17:53:20,Fabio,superadmin,login
2026-08-05 17:58:27,Fabio,superadmin,login
2026-08-05 17:59:33,Fabio,superadmin,login
2026-08-05 18:04:58,Fabio,admin,login
2026-08-05 18:06:12,Fabio,admin,recuperacao_administracao_concedida
2026-08-05 18:08:58,Fabio,superadmin,login
2026-08-05 21:03:23,Fabio,superadmin,login
2026-08-06 13:14:19,Fabio,superadmin,login
2026-08-06 13:57:47,Fabio,superadmin,login
2026-08-06 14:30:30,Fabio,superadmin,login
2026-08-06 14:55:47,Fabio,superadmin,login
2026-08-06 15:19:10,Fabio,superadmin,login
2026-08-06 17:54:17,Fabio,superadmin,login
2026-08-10 15:40:16,Fabio,superadmin,login
2026-08-25 18:47:24,Fabio,superadmin,login
2026-08-25 19:02:36,Fabio,superadmin,login
2026-08-25 19:07:36,Fabio,superadmin,login
2026-08-25 19:12:03,Fabio,superadmin,logout
2026-08-25 19:12:18,teste,funcionario,login
2026-08-25 19:12:36,teste,funcionario,logout
2026-08-25 19:12:48,Fabio,superadmin,login
2026-08-25 19:14:48,Fabio,superadmin,logout
2026-08-25 19:15:55,Fabio,superadmin,login
2026-08-25 19:19:19,Fabio,superadmin,logout
2026-08-25 19:19:40,teste,funcionario,login
2026-08-25 19:19:43,teste,funcionario,logout
2026-08-25 19:22:30,teste,funcionario,logout
2026-08-25 19:23:33,Fabio,superadmin,login
2026-08-25 19:59:51,Fabio,superadmin,login
2026-08-26 12:22:26,teste,funcionario,login
2026-08-26 12:23:03,teste,funcionario,logout
2026-08-26 12:23:27,teste,funcionario,login
2026-08-26 12:24:34,teste,funcionario,logout
2026-08-26 12:24:49,Fabio,superadmin,login
2026-08-26 12:31:32,Fabio,superadmin,logout
2026-08-26 12:31:57,teste,funcionario,login
2026-08-26 13:34:35,teste,funcionario,login
2026-08-26 13:34:48,teste,funcionario,logout
2026-08-26 13:35:03,Fabio,superadmin,login
2026-08-26 13:37:59,Fabio,superadmin,logout
2026-08-26 13:38:25,teste,funcionario,login
2026-08-26 13:39:38,teste,funcionario,logout
2026-08-26 13:39:49,Fabio,superadmin,login
2026-08-26 13:40:30,Fabio,superadmin,logout
2026-08-26 13:40:38,Fabio,superadmin,login
2026-08-26 13:40:52,Fabio,superadmin,logout
2026-08-26 13:41:03,teste,funcionario,login
2026-08-26 13:42:47,teste,funcionario,logout
2026-08-26 13:42:57,Fabio,superadmin,login
2026-08-26 14:03:22,Fabio,superadmin,logout
2026-08-26 14:03:42,teste,funcionario,login
2026-08-26 14:04:59,teste,funcionario,login
2026-08-26 14:05:25,teste,funcionario,logout
2026-08-26 14:05:38,Fabio,superadmin,login
2026-08-26 14:09:58,teste,funcionario,login
2026-08-26 14:36:12,teste,funcionario,login
2026-08-26 14:37:11,teste,funcionario,logout
2026-08-26 14:37:20,Fabio,superadmin,login
2026-08-26 14:56:21,Fabio,superadmin,login
2026-08-26 15:25:59,Fabio,superadmin,login
2026-08-26 15:26:09,Fabio,superadmin,logout
2026-08-26 15:26:11,Fabio,superadmin,logout
2026-08-26 15:35:09,teste,funcionario,login
2026-08-26 15:35:22,teste,funcionario,logout
2026-08-26 15:48:08,teste,funcionario,login
2026-08-26 15:48:19,teste,funcionario,logout
2026-08-26 15:48:31,Fabio,superadmin,login
2026-08-26 15:50:12,Fabio,superadmin,logout
2026-08-26 15:50:21,teste,funcionario,login
2026-08-26 15:50:34,teste,funcionario,logout
